Community,Ticker
Community 1,FETUSDT_2024_5m
Community 1,ENSUSDT_2024_5m
Community 1,JTOUSDT_2024_5m
Community 1,LINKUSDT_2024_5m
Community 1,CRVUSDT_2024_5m
Community 1,EOSUSDT_2024_5m
Community 1,THETAUSDT_2024_5m
Community 1,IMXUSDT_2024_5m
Community 1,ICPUSDT_2024_5m
Community 1,IOTAUSDT_2024_5m
Community 1,ARBUSDT_2024_5m
Community 1,EGLDUSDT_2024_5m
Community 1,TIAUSDT_2024_5m
Community 1,AXSUSDT_2024_5m
Community 1,FILUSDT_2024_5m
Community 1,ALGOUSDT_2024_5m
Community 1,SUIUSDT_2024_5m
Community 1,OPUSDT_2024_5m
Community 1,INJUSDT_2024_5m
Community 1,HBARUSDT_2024_5m
Community 1,UNIUSDT_2024_5m
Community 1,MANAUSDT_2024_5m
Community 1,STXUSDT_2024_5m
Community 1,AVAXUSDT_2024_5m
Community 1,GALAUSDT_2024_5m
Community 1,NEARUSDT_2024_5m
Community 1,SANDUSDT_2024_5m
Community 1,APTUSDT_2024_5m
Community 1,WLDUSDT_2024_5m
Community 1,JASMYUSDT_2024_5m
Community 1,SEIUSDT_2024_5m
Community 1,SOLUSDT_2024_5m
Community 1,ATOMUSDT_2024_5m
Community 1,LDOUSDT_2024_5m
Community 1,FLOWUSDT_2024_5m
Community 1,XTZUSDT_2024_5m
Community 1,GRTUSDT_2024_5m
Community 2,SHIBUSDT_2024_5m
Community 2,BONKUSDT_2024_5m
Community 2,MKRUSDT_2024_5m
Community 2,TRXUSDT_2024_5m
Community 2,BCHUSDT_2024_5m
Community 2,ADAUSDT_2024_5m
Community 2,QNTUSDT_2024_5m
Community 2,NEXOUSDT_2024_5m
Community 2,LTCUSDT_2024_5m
Community 2,DOGEUSDT_2024_5m
Community 2,PAXGUSDT_2024_5m
Community 2,DOTUSDT_2024_5m
Community 2,NEOUSDT_2024_5m
Community 2,XLMUSDT_2024_5m
Community 2,VETUSDT_2024_5m
Community 2,AAVEUSDT_2024_5m
Community 2,XRPUSDT_2024_5m
Community 2,BNBUSDT_2024_5m
Community 2,BTCUSDT_2024_5m
Community 2,ETCUSDT_2024_5m
Community 2,PEPEUSDT_2024_5m
Community 2,DEXEUSDT_2024_5m
Community 2,ETHUSDT_2024_5m
